,Best_Params,classifier,test_accuracy,test_precision,test_recall,test_specificity,train-accuracy,train-precision,train-recall,train-specificity,unseen_accuracy,unseen_precision,unseen_recall,unseen_specificity,vectorizer
0,"{'CountVectorizer__lowercase': True, 'CountVectorizer__max_df': 0.4, 'CountVectorizer__max_features': 1200, 'CountVectorizer__min_df': 3, 'CountVectorizer__ngram_range': (1, 2), 'CountVectorizer__stop_words': 'english'}",KNeighborsClassifier,0.7163561076604554,0.7166069192035376,0.7163561076604554,0.7137096774193549,0.8313752591568763,0.831391009410955,0.8313752591568763,0.8346774193548387,0.8307692307692308,0.8319869319869321,0.8307692307692308,0.8148148148148148,CountVectorizer
1,"{'CountVectorizer__lowercase': True, 'CountVectorizer__max_df': 0.4, 'CountVectorizer__max_features': 3500, 'CountVectorizer__min_df': 2, 'CountVectorizer__ngram_range': (1, 2), 'CountVectorizer__stop_words': 'english', 'LogisticRegression__penalty': 'l2'}",LogisticRegression,0.8281573498964804,0.8281438116430259,0.8281573498964804,0.8346774193548387,0.995162404975812,0.9951870124267389,0.995162404975812,0.9919354838709677,0.8307692307692308,0.8319869319869321,0.8307692307692308,0.8148148148148148,CountVectorizer
2,"{'CountVectorizer__lowercase': True, 'CountVectorizer__max_df': 0.4, 'CountVectorizer__max_features': 1200, 'CountVectorizer__min_df': 3, 'CountVectorizer__ngram_range': (1, 2), 'CountVectorizer__stop_words': 'english'}",MultinomialNB,0.8281573498964804,0.8282994357163155,0.8281573498964804,0.8467741935483871,0.8949550794747754,0.8950455767795502,0.8949550794747754,0.907258064516129,0.8307692307692308,0.8319869319869321,0.8307692307692308,0.8148148148148148,CountVectorizer
3,"{'CountVectorizer__lowercase': True, 'CountVectorizer__max_df': 0.4, 'CountVectorizer__max_features': None, 'CountVectorizer__min_df': 3, 'CountVectorizer__ngram_range': (1, 1), 'CountVectorizer__stop_words': None}",DecisionTreeClassifier,0.7536231884057971,0.7538485135534825,0.7536231884057971,0.782258064516129,0.9993089149965446,0.9993098426274217,0.9993089149965446,1.0,0.8307692307692308,0.8319869319869321,0.8307692307692308,0.8148148148148148,CountVectorizer
4,"{'CountVectorizer__lowercase': True, 'CountVectorizer__max_df': 0.4, 'CountVectorizer__max_features': None, 'CountVectorizer__min_df': 3, 'CountVectorizer__ngram_range': (1, 2), 'CountVectorizer__stop_words': 'english'}",SVC,0.7950310559006211,0.8337564198593929,0.7950310559006211,0.6370967741935484,0.8099516240497581,0.8405687373999917,0.8099516240497581,0.6720430107526881,0.8307692307692308,0.8319869319869321,0.8307692307692308,0.8148148148148148,CountVectorizer
5,"{'CountVectorizer__lowercase': True, 'CountVectorizer__max_df': 0.35, 'CountVectorizer__max_features': 1200, 'CountVectorizer__min_df': 2, 'CountVectorizer__ngram_range': (1, 2), 'CountVectorizer__stop_words': None}",AdaBoostClassifier,0.8198757763975155,0.8282607396966616,0.8198757763975155,0.75,0.8811333794056669,0.8848326802742084,0.8811333794056669,0.8387096774193549,0.8307692307692308,0.8319869319869321,0.8307692307692308,0.8148148148148148,CountVectorizer
6,"{'CountVectorizer__lowercase': True, 'CountVectorizer__max_df': 0.35, 'CountVectorizer__max_features': 2250, 'CountVectorizer__min_df': 3, 'CountVectorizer__ngram_range': (1, 2), 'CountVectorizer__stop_words': None}",GradientBoostingClassifier,0.8095238095238095,0.8116302097398506,0.8095238095238095,0.7782258064516129,0.9322736696613684,0.9341454241965704,0.9322736696613684,0.9032258064516129,0.8307692307692308,0.8319869319869321,0.8307692307692308,0.8148148148148148,CountVectorizer
7,"{'CountVectorizer__lowercase': True, 'CountVectorizer__max_df': 0.4, 'CountVectorizer__max_features': 1200, 'CountVectorizer__min_df': 3, 'CountVectorizer__ngram_range': (1, 2), 'CountVectorizer__stop_words': 'english', 'RandomForestClassifier__max_depth': 110, 'RandomForestClassifier__n_estimators': 300}",RandomForestClassifier,0.8405797101449275,0.8408941082297942,0.8405797101449275,0.8629032258064516,0.995162404975812,0.9952100995746421,0.995162404975812,0.9905913978494624,0.8307692307692308,0.8319869319869321,0.8307692307692308,0.8148148148148148,CountVectorizer
8,"{'TfidfVectorizer__lowercase': True, 'TfidfVectorizer__max_df': 0.4, 'TfidfVectorizer__max_features': 2250, 'TfidfVectorizer__min_df': 2, 'TfidfVectorizer__ngram_range': (1, 1), 'TfidfVectorizer__stop_words': None}",KNeighborsClassifier,0.6770186335403726,0.7038623780311759,0.6770186335403726,0.8709677419354839,0.8451969592259848,0.8802950302304289,0.8451969592259848,0.9986559139784946,0.8307692307692308,0.8319869319869321,0.8307692307692308,0.8148148148148148,TfidfVectorizer
9,"{'LogisticRegression__penalty': 'l2', 'TfidfVectorizer__lowercase': True, 'TfidfVectorizer__max_df': 0.4, 'TfidfVectorizer__max_features': None, 'TfidfVectorizer__min_df': 3, 'TfidfVectorizer__ngram_range': (1, 1), 'TfidfVectorizer__stop_words': 'english'}",LogisticRegression,0.8322981366459627,0.8325926442397458,0.8322981366459627,0.8548387096774194,0.9550794747753973,0.9551344081551701,0.9550794747753973,0.9516129032258065,0.8307692307692308,0.8319869319869321,0.8307692307692308,0.8148148148148148,TfidfVectorizer
10,"{'TfidfVectorizer__lowercase': True, 'TfidfVectorizer__max_df': 0.4, 'TfidfVectorizer__max_features': 1200, 'TfidfVectorizer__min_df': 4, 'TfidfVectorizer__ngram_range': (1, 2), 'TfidfVectorizer__stop_words': 'english'}",MultinomialNB,0.7971014492753623,0.7995317228478037,0.7971014492753623,0.8508064516129032,0.8963372494816862,0.8981921295474258,0.8963372494816862,0.9341397849462365,0.8307692307692308,0.8319869319869321,0.8307692307692308,0.8148148148148148,TfidfVectorizer
11,"{'TfidfVectorizer__lowercase': True, 'TfidfVectorizer__max_df': 0.4, 'TfidfVectorizer__max_features': 2000, 'TfidfVectorizer__min_df': 2, 'TfidfVectorizer__ngram_range': (1, 1), 'TfidfVectorizer__stop_words': None}",DecisionTreeClassifier,0.772256728778468,0.7722725327646177,0.772256728778468,0.7903225806451613,0.9993089149965446,0.9993098426274217,0.9993089149965446,1.0,0.8307692307692308,0.8319869319869321,0.8307692307692308,0.8148148148148148,TfidfVectorizer
12,"{'TfidfVectorizer__lowercase': True, 'TfidfVectorizer__max_df': 0.32, 'TfidfVectorizer__max_features': None, 'TfidfVectorizer__min_df': 2, 'TfidfVectorizer__ngram_range': (1, 1), 'TfidfVectorizer__stop_words': None}",SVC,0.5134575569358178,0.2636386627744986,0.5134575569358178,1.0,0.5141672425708362,0.26436795333289714,0.5141672425708362,1.0,0.8307692307692308,0.8319869319869321,0.8307692307692308,0.8148148148148148,TfidfVectorizer
13,"{'TfidfVectorizer__lowercase': True, 'TfidfVectorizer__max_df': 0.4, 'TfidfVectorizer__max_features': None, 'TfidfVectorizer__min_df': 4, 'TfidfVectorizer__ngram_range': (1, 1), 'TfidfVectorizer__stop_words': 'english'}",AdaBoostClassifier,0.7991718426501035,0.8019139239084832,0.7991718426501035,0.7620967741935484,0.8866620594333103,0.8885797973124063,0.8866620594333103,0.8575268817204301,0.8307692307692308,0.8319869319869321,0.8307692307692308,0.8148148148148148,TfidfVectorizer
14,"{'TfidfVectorizer__lowercase': True, 'TfidfVectorizer__max_df': 0.4, 'TfidfVectorizer__max_features': 1200, 'TfidfVectorizer__min_df': 3, 'TfidfVectorizer__ngram_range': (1, 1), 'TfidfVectorizer__stop_words': None}",GradientBoostingClassifier,0.8115942028985508,0.8139281028261444,0.8115942028985508,0.7782258064516129,0.9571527297857636,0.9577867742859172,0.9571527297857636,0.9408602150537635,0.8307692307692308,0.8319869319869321,0.8307692307692308,0.8148148148148148,TfidfVectorizer
15,"{'RandomForestClassifier__max_depth': 100, 'RandomForestClassifier__n_estimators': 300, 'TfidfVectorizer__lowercase': True, 'TfidfVectorizer__max_df': 0.4, 'TfidfVectorizer__max_features': 1200, 'TfidfVectorizer__min_df': 2, 'TfidfVectorizer__ngram_range': (1, 2), 'TfidfVectorizer__stop_words': 'english'}",RandomForestClassifier,0.8509316770186336,0.8509225068642869,0.8509316770186336,0.8588709677419355,0.995162404975812,0.9952100995746421,0.995162404975812,0.9905913978494624,0.8307692307692308,0.8319869319869321,0.8307692307692308,0.8148148148148148,TfidfVectorizer
16,{},KNeighborsClassifier,0.7060041407867494,0.7059294512710663,0.7060041407867494,0.7217741935483871,0.8113337940566689,0.8113613293447376,0.8113337940566689,0.8145161290322581,0.8307692307692308,0.8319869319869321,0.8307692307692308,0.8148148148148148,HashingVectorizer
17,{'LogisticRegression__penalty': 'l2'},LogisticRegression,0.8136645962732919,0.8153763186704882,0.8136645962732919,0.7862903225806451,0.9094678645473393,0.9098872906123419,0.9094678645473393,0.8978494623655914,0.8307692307692308,0.8319869319869321,0.8307692307692308,0.8148148148148148,HashingVectorizer
18,{},MultinomialNB,0.6418219461697723,0.7563318691135258,0.6418219461697723,0.9798387096774194,0.7360055286800277,0.8215522964763722,0.7360055286800277,0.9959677419354839,0.8307692307692308,0.8319869319869321,0.8307692307692308,0.8148148148148148,HashingVectorizer
19,{},DecisionTreeClassifier,0.7639751552795031,0.7642959274501104,0.7639751552795031,0.7580645161290323,1.0,1.0,1.0,1.0,0.8307692307692308,0.8319869319869321,0.8307692307692308,0.8148148148148148,HashingVectorizer
20,{},SVC,0.5134575569358178,0.2636386627744986,0.5134575569358178,1.0,0.5141672425708362,0.26436795333289714,0.5141672425708362,1.0,0.8307692307692308,0.8319869319869321,0.8307692307692308,0.8148148148148148,HashingVectorizer
21,{},AdaBoostClassifier,0.7908902691511387,0.7917504294942312,0.7908902691511387,0.7741935483870968,0.9018659295093296,0.9023220601343632,0.9018659295093296,0.8897849462365591,0.8307692307692308,0.8319869319869321,0.8307692307692308,0.8148148148148148,HashingVectorizer
22,{},GradientBoostingClassifier,0.8115942028985508,0.8174395616370118,0.8115942028985508,0.7540322580645161,0.95922598479613,0.9596464089665225,0.95922598479613,0.946236559139785,0.8307692307692308,0.8319869319869321,0.8307692307692308,0.8148148148148148,HashingVectorizer
23,"{'RandomForestClassifier__max_depth': 110, 'RandomForestClassifier__n_estimators': 300}",RandomForestClassifier,0.7556935817805382,0.7677650561443928,0.7556935817805382,0.8709677419354839,0.9979267449896337,0.9979355548551169,0.9979267449896337,0.9959677419354839,0.8307692307692308,0.8319869319869321,0.8307692307692308,0.8148148148148148,HashingVectorizer
